bid,mean_temp,std_temp,pct_above_18,pct_below_15,t_sim,iterations
10000.0,14.012338788112752,6.367431059312565,30.941014791508444,55.542295034537624,3450137741.0,3601.0
